{"Dahisar East": [19.2486925, 72.8640593], "Vikhroli East": [19.1172592, 72.9355194], "Virar West": [19.4533576, 72.8057966], "Andheri West": [19.1172495, 72.833968], "Mazgaon": [18.9680519, 72.84001187036267], "Chembur": [19.0626319, 72.9011399], "Mulund West": [19.1719717, 72.9511956], "Powai": [19.1187195, 72.9073476], "Central Area": [40.4427341, -3.6370906], "Goregaon East": [19.1692623, 72.8552548], "Dahisar West": [19.2483914, 72.8525146], "Bhakti Park": [19.0278681, 72.8795682], "Wadala East": [19.0269192, 72.8759337], "Worli": [19.0116962, 72.8180702], "Wadala": [19.0269192, 72.8759337], "Kanjurmarg East": [19.1378308, 72.9361964], "Jogeshwari West": [19.136394, 72.8373817], "Malad West": [19.1840129, 72.8412155], "Khar West": [19.0696584, 72.8398944], "Kandivali East": [19.2103809, 72.8640837], "Andheri": [19.1196976, 72.8464205], "Borivali West": [19.2294561, 72.8479905], "Kalyan": [19.0511604, 72.92933635410914], "D.N. Nagar": [19.12829205, 72.83019335523952], "Wadala West": [19.0269192, 72.8759337], "Mira Bhayandar": [19.2820571, 72.8741437], "Veera Desai Road": [19.1330184, 72.8376071], "Lokhandwala Complex": [19.1431604, 72.8246332], "Kandivali West": [19.2083801, 72.842227], "Bhandup West": [19.1462636, 72.9339461], "4 Bunglows": [19.0444711, 72.91006], "Virar": [19.5274527, 72.8726237], "Mahavir Nagar": [19.2143002, 72.8375468], "Hiranandani Gardens": [19.114404999999998, 72.91104954195528], "MHADA Colony Milat Nagar": [19.1507707, 72.8267729], "Brhmanwada": [19.0311964, 72.8546111], "Juhu": [19.1070215, 72.8275275], "Goregaon West": [19.1633281, 72.8411995], "Sion East": [19.0428153, 72.8653563], "Vasai East": [19.4108539, 72.8492642], "Malad East": [19.1860219, 72.8563181], "Bhayandar East": [19.1971521, 72.8113662], "Prabhadevi": [19.0148811, 72.8279556], "Versova": [19.13025205, 72.8213774957082], "Azad Nagar 2": [19.0920602, 72.8994007], "Vasai West": [19.3004135, 72.8821824], "Borivali East": [19.2267228, 72.8619328], "Mira Road": [19.1878962, 72.8365955], "Amba Wadi": [19.1340077, 72.8254545], "Vikhroli West": [19.114541, 72.9257184], "Kannamwar Nagar 2": [19.1168383, 72.9401198], "Ghatkopar East": [19.0834898, 72.9120255], "Bhayandar West": [19.1971521, 72.8113662], "Marol Naka Junction": [19.1081559, 72.87947778228579], "Kamgar Nagar": [19.0105903, 72.8277871], "Adarsh Nagar": [19.0608072, 72.9079664], "Pleasant Park": [19.06368155, 72.83287669759949], "Kalina": [19.079273, 72.8612672], "Charkop": [19.2141193, 72.8258652], "Chembur East": [19.0460658, 72.8954733], "Motilal Nagar 1": [19.1591398, 72.8368022], "Sewri": [19.001418, 72.8542575], "Powai lake": [19.1277203, 72.90627950131966], "Ghatkopar West": [19.0897194, 72.9045972], "Pali Hill": [19.0649126, 72.8270326], "Andheri East": [19.1158835, 72.854202], "Magathane": [19.2169792, 72.8668905], "Amboli": [19.1279751, 72.8492904], "Crawford Market": [18.9471894, 72.834649], "Sindhi Society Chembur": [19.0612128, 72.8975909], "Kashimira": [19.2890397, 72.8830063], "Dhobi Ghat": [18.9108384, 72.8179634], "Lower Parel": [18.9963318, 72.8308603], "Matunga West": [19.0317259, 72.8433917], "Kurla West": [19.0686026, 72.876583], "Eksar": [19.2410258, 72.844074], "Marol": [19.1172198, 72.882342], "Chembur West": [19.0571098, 72.8993875], "Ramdev Park": [17.48551535, 78.40604619375797], "Sion Trombay Road": [19.0524825, 72.8999143], "Parel": [19.0094817, 72.8376614], "Chandivali": [19.1091482, 72.8945793], "Kanjurmarg West": [19.1281626, 72.9260991], "Sardar Nagar No 1": [17.4629766, 78.4307965], "Thane": [19.333333, 73.25], "Dadar West": [19.0238887, 72.8382236], "Azad Nagar": [19.1283153, 72.8400381], "IC Colony": [19.2495902, 72.8456913], "Sion": [19.0465213, 72.8632834], "Pant Nagar": [19.0878649, 72.91662266155892], "Lal Baug": [18.9935288, 72.8424069], "Aarey Milk Colony": [19.1561292, 72.8707223], "Bhandup": [19.1438684, 72.9384327], "Shimpoli": [19.2228291, 72.8409213], "Dindoshi": [19.1740198, 72.8695219], "Byculla": [18.9766219, 72.8327936], "Bandra East": [19.0616565, 72.8498111], "Mahalakshmi": [18.9892129, 72.8186798], "Lokhandwala Twp": [19.1431889, 72.824081], "Mumbai Central": [18.9695855, 72.8193152], "Vazira Naka": [19.2289108, 72.8446391], "JVLR-Jogeshwari Vikhroli Link Road": [19.13977, 72.866912], "Vaishali Nagar Dahisar": [19.2507384, 72.8668666], "Mulund East": [19.1704719, 72.9610447], "Santacruz West": [19.0923364, 72.85320060785088], "Pratap Nagar": [19.1412711, 72.8562427], "Bandra Kurla Complex": [19.067115, 72.8657245], "Santacruz East": [19.0923364, 72.85320060785088], "Chakala MIDC": [19.1152873, 72.8618085], "Ishwar Nagar": [19.1443625, 72.93428], "Oshiwara": [19.1502437, 72.8342294], "Juhu Tara": [19.1002945, 72.8273464], "Bhoiwada": [19.0050981, 72.846061], "Seven Bungalows": [19.1297617, 72.8213781], "Nalasopara West": [19.012455, 72.835058], "Raj apartment": [19.0656415, 72.9199034], "Raheja Vihar": [19.1197821, 72.8939787], "Shivaji Nagar": [19.0637885, 72.9249], "Sakinaka Junction": [19.1004019, 72.8817764], "Bimbisar Nagar": [19.1463857, 72.8573019], "Orlem": [19.1944819, 72.8389662], "Liberty Garden": [19.1878315, 72.8415338126399], "Jogeshwari": [19.1348994, 72.8488199], "Malabar Hill": [18.9581616, 72.8033665], "Boisar West": [19.2040031, 72.8655568], "King Circle": [19.0757177, 72.8792856], "Antop Hill": [19.0207608, 72.8652556], "Cuffe Parade": [18.9136406, 72.8209295], "Bangur Nagar": [19.1688142, 72.8336777], "Marol Naka": [19.1081559, 72.87947778228579], "Prabhat Colony": [19.0864635, 72.8435397], "Golibar": [19.0702213, 72.8431601], "Dombivli east": [19.2162884, 73.0916467], "imperial Heights": [19.151592, 72.8407], "Derasar Lane": [19.0820032, 72.9068719], "Garodia Nagar": [19.0742044, 72.909477], "Sakinaka": [19.1004019, 72.8817764], "Neelam nagar phase 2": [19.1745887, 72.9651296], "Chunabhatti": [19.0517703, 72.8690974], "Chinch Bunder": [18.9641312, 72.8416378], "Garden Tower": [19.0603004, 72.9074762], "New Marine Lines": [18.9456701, 72.823781], "Midc": [19.1205119, 72.8646365], "Film City Road": [19.1721605, 72.8743133], "Vile Parle East": [19.0962884, 72.8483799], "Vakola": [19.0813635, 72.853893], "Grant Road": [18.9644472, 72.8135727], "Fort": [18.9332665, 72.8345146], "Chinchpokli": [18.9871984, 72.8326716], "Mulund": [19.1722904, 72.9564695], "Ghatkopar": [19.0859539, 72.9082381], "Damodar Park": [19.0948913, 72.913591], "Natwar Nagar": [19.130319, 72.8505689], "Hindu Colony": [19.0199623, 72.8478929], "Kaju Pada": [19.2361159, 72.8689056], "Mahim West": [19.0423145, 72.8398344], "Vikhroli": [19.1114795, 72.928021], "Bandra": [19.0549792, 72.8402203], "Kurla East": [19.0628944, 72.8825604], "Bhandup East": [19.1485568, 72.9470657], "Hill Road Nagar": [19.055681, 72.873323], "Linking Road": [19.0769103, 72.8342232], "Ambewadi": [18.990666, 72.8412564], "Bandra West": [19.0583358, 72.8302669], "Bhuleshwar": [18.9537706, 72.8274755], "Dombivli East": [19.2162884, 73.0916467], "Off Juhu tara road": [19.1002945, 72.8273464], "Tilak Nagar \u2013 Central Line": [19.0692377, 72.8978464], "Sarvodaya Nagar": [19.1635438, 72.9463214], "Samata Nagar": [19.2072164, 72.8705139], "Upper Govind Nagar": [19.1569097, 72.9311165], "geeta nagar phase 7": [18.9138325, 72.8085422], "Jogeshwari East": [19.1348994, 72.8488199], "LBS Marg": [19.0845663, 72.8849418], "Bombay Cambridge school": [19.2092497, 72.86206440622388], "Kurla": [19.0652797, 72.8793805], "Thane-Kalyan-Dombivli": [19.2156856, 73.092894], "Sainath Nagar": [19.0941778, 72.9108738], "Thakurli": [19.2156856, 73.092894], "GODREJ CENTRAL": [19.10687135, 72.92926998213083], "Vrindavan": [19.0691603, 72.8394827], "Nahur": [19.1576606, 72.9411353], "Kandivali": [19.204159, 72.8516821], "Parsi Panchayat Road": [19.1255892, 72.8530342], "LIC Colony": [19.0897194, 72.8402634], "Vile Parle West": [19.1038725, 72.8402903], "Janakalyan Nagar": [19.1985065, 72.8204591], "Jagdusha Nagar": [19.0949344, 72.9088515], "Bhayander east": [19.2734779, 72.9135395],